,0,1
0,0.0,5.0
1,0.005,4.999230000000001
2,0.01,4.99691
3,0.015,4.993040000000001
4,0.02,4.98764
5,0.025,4.98071
6,0.03,4.97224
7,0.035,4.96226
8,0.04,4.9507699999999994
9,0.045,4.937790000000001
10,0.05,4.9233199999999995
11,0.055,4.90738
12,0.06,4.88999
13,0.065,4.87116
14,0.07,4.85091
15,0.075,4.829269999999999
16,0.08,4.80624
17,0.085,4.78186
18,0.09,4.75615
19,0.095,4.72912
20,0.1,4.7008
21,0.105,4.67122
22,0.11,4.64041
23,0.115,4.60838
24,0.12,4.5751599999999994
25,0.125,4.540780000000001
26,0.13,4.505269999999999
27,0.135,4.46866
28,0.14,4.43096
29,0.145,4.39222
30,0.15,4.35245
31,0.155,4.3116900000000005
32,0.16,4.26996
33,0.165,4.22729
34,0.17,4.18371
35,0.175,4.13924
36,0.18,4.09391
37,0.185,4.04775
38,0.19,4.000780000000001
39,0.195,3.9530300000000005
40,0.2,3.9045300000000003
41,0.205,3.8553
42,0.21,3.80536
43,0.215,3.75474
44,0.22,3.7034599999999998
45,0.225,3.65155
46,0.23,3.5990300000000004
47,0.235,3.5459099999999997
48,0.24,3.49223
49,0.245,3.438
50,0.25,3.3832400000000002
51,0.255,3.32798
52,0.26,3.27222
53,0.265,3.216
54,0.27,3.1593299999999997
55,0.275,3.10222
56,0.28,3.04469
57,0.285,2.98677
58,0.29,2.92846
59,0.295,2.86978
60,0.3,2.81075
61,0.305,2.75137
62,0.31,2.6916700000000002
63,0.315,2.6316599999999997
64,0.32,2.57135
65,0.325,2.51075
66,0.33,2.44987
67,0.335,2.3887400000000003
68,0.34,2.32735
69,0.345,2.26572
70,0.35,2.20385
71,0.355,2.14177
72,0.36,2.0794799999999998
73,0.365,2.0169799999999998
74,0.37,1.95429
75,0.375,1.89142
76,0.38,1.82838
77,0.385,1.7651599999999998
78,0.39,1.7017900000000001
79,0.395,1.6382700000000001
80,0.4,1.5746
81,0.405,1.5108
82,0.41,1.44686
83,0.415,1.38281
84,0.42,1.31864
85,0.425,1.2543600000000001
86,0.43,1.18997
87,0.435,1.1254899999999999
88,0.44,1.06092
89,0.445,0.996268
90,0.45,0.9315329999999999
91,0.455,0.866725
92,0.46,0.8018489999999999
93,0.465,0.736911
94,0.47,0.671916
95,0.475,0.606869
96,0.48,0.541775
97,0.485,0.47663999999999995
98,0.49,0.411469
99,0.495,0.346267
100,0.5,0.281039
101,0.505,0.21579
102,0.51,0.150524
103,0.515,0.085247
104,0.52,0.019963599999999998
105,0.525,-0.0453212
106,0.53,-0.11060299999999999
107,0.535,-0.175876
108,0.54,-0.24113600000000002
109,0.545,-0.30637800000000004
110,0.55,-0.371596
111,0.555,-0.436787
112,0.56,-0.501944
113,0.565,-0.567064
114,0.57,-0.6321399999999999
115,0.575,-0.697167
116,0.58,-0.762141
117,0.585,-0.8270559999999999
118,0.59,-0.891906
119,0.595,-0.956686
120,0.6,-1.02139
121,0.605,-1.0860100000000001
122,0.61,-1.15055
123,0.615,-1.21499
124,0.62,-1.27934
125,0.625,-1.34358
126,0.63,-1.4077
127,0.635,-1.47171
128,0.64,-1.5356
129,0.645,-1.59935
130,0.65,-1.6629599999999998
131,0.655,-1.72642
132,0.66,-1.78974
133,0.665,-1.8528900000000001
134,0.67,-1.91586
135,0.675,-1.9786700000000002
136,0.68,-2.04128
137,0.685,-2.1037
138,0.69,-2.16591
139,0.695,-2.22791
140,0.7,-2.2896799999999997
141,0.705,-2.35122
142,0.71,-2.4125099999999997
143,0.715,-2.47355
144,0.72,-2.53432
145,0.725,-2.59481
146,0.73,-2.65501
147,0.735,-2.7149
148,0.74,-2.77447
149,0.745,-2.83372
150,0.75,-2.89261
151,0.755,-2.95115
152,0.76,-3.0093099999999997
153,0.765,-3.0670900000000003
154,0.77,-3.12445
155,0.775,-3.18139
156,0.78,-3.23789
157,0.785,-3.29394
158,0.79,-3.3495
159,0.795,-3.4045699999999997
160,0.8,-3.4591300000000005
161,0.805,-3.51315
162,0.81,-3.56661
163,0.815,-3.6195
164,0.82,-3.67179
165,0.825,-3.7234599999999998
166,0.83,-3.7744800000000005
167,0.835,-3.82484
168,0.84,-3.87451
169,0.845,-3.92346
170,0.85,-3.9716699999999996
171,0.855,-4.01912
172,0.86,-4.06578
173,0.865,-4.111619999999999
174,0.87,-4.15661
175,0.875,-4.200740000000001
176,0.88,-4.2439800000000005
177,0.885,-4.2862800000000005
178,0.89,-4.32764
179,0.895,-4.36802
180,0.9,-4.40739
181,0.905,-4.44573
182,0.91,-4.48301
183,0.915,-4.5192
184,0.92,-4.55427
185,0.925,-4.5882
186,0.93,-4.62096
187,0.935,-4.65252
188,0.94,-4.68286
189,0.945,-4.71195
190,0.95,-4.73977
191,0.955,-4.766290000000001
192,0.96,-4.7914900000000005
193,0.965,-4.81535
194,0.97,-4.83784
195,0.975,-4.8589400000000005
196,0.98,-4.87864
197,0.985,-4.89691
198,0.99,-4.91374
199,0.995,-4.92911
200,1.0,-4.94301
201,1.005,-4.95541
202,1.01,-4.96632
203,1.015,-4.975709999999999
204,1.02,-4.98358
205,1.025,-4.98992
206,1.03,-4.994730000000001
207,1.035,-4.99799
208,1.04,-4.999709999999999
209,1.045,-4.99988
210,1.05,-4.99851
211,1.055,-4.99559
212,1.06,-4.99113
213,1.065,-4.985130000000001
214,1.07,-4.9776
215,1.075,-4.96855
216,1.08,-4.95798
217,1.085,-4.94591
218,1.09,-4.93234
219,1.095,-4.9173
220,1.1,-4.9008
221,1.105,-4.88284
222,1.11,-4.86346
223,1.115,-4.84267
224,1.12,-4.82049
225,1.125,-4.79694
226,1.13,-4.77203
227,1.135,-4.7458
228,1.14,-4.7182699999999995
229,1.145,-4.6894599999999995
230,1.15,-4.6594
231,1.155,-4.6281099999999995
232,1.16,-4.59561
233,1.165,-4.56194
234,1.17,-4.52712
235,1.175,-4.49118
236,1.18,-4.45414
237,1.185,-4.41604
238,1.19,-4.37689
239,1.195,-4.33674
240,1.2,-4.2956
241,1.205,-4.2535
242,1.21,-4.21047
243,1.215,-4.16654
244,1.22,-4.12173
245,1.225,-4.07608
246,1.23,-4.0296
247,1.235,-3.98233
248,1.24,-3.93428
249,1.245,-3.8854900000000003
250,1.25,-3.83598
251,1.255,-3.7857800000000004
252,1.26,-3.7349
253,1.265,-3.6833699999999996
254,1.27,-3.63122
255,1.275,-3.5784599999999998
256,1.28,-3.5251300000000003
257,1.285,-3.4712300000000003
258,1.29,-3.41679
259,1.295,-3.36184
260,1.3,-3.3063800000000003
261,1.305,-3.25044
262,1.31,-3.19404
263,1.315,-3.1372
264,1.32,-3.07992
265,1.325,-3.02224
266,1.33,-2.9641599999999997
267,1.335,-2.90571
268,1.34,-2.84689
269,1.345,-2.78772
270,1.35,-2.72822
271,1.355,-2.6684
272,1.36,-2.60827
273,1.365,-2.5478400000000003
274,1.37,-2.48714
275,1.375,-2.42616
276,1.38,-2.36492
277,1.385,-2.30344
278,1.39,-2.24171
279,1.395,-2.17977
280,1.4,-2.1176
281,1.405,-2.05523
282,1.41,-1.9926599999999999
283,1.415,-1.9299
284,1.42,-1.86696
285,1.425,-1.80384
286,1.43,-1.7405700000000002
287,1.435,-1.67714
288,1.44,-1.61356
289,1.445,-1.5498299999999998
290,1.45,-1.4859799999999999
291,1.455,-1.422
292,1.46,-1.3579
293,1.465,-1.29368
294,1.47,-1.22936
295,1.475,-1.1649399999999999
296,1.48,-1.1004200000000002
297,1.485,-1.03582
298,1.49,-0.971133
299,1.495,-0.9063690000000001
300,1.5,-0.841534
301,1.505,-0.776633
302,1.51,-0.711672
303,1.515,-0.646656
304,1.52,-0.581591
305,1.525,-0.51648
306,1.53,-0.45133100000000004
307,1.535,-0.38614699999999996
308,1.54,-0.320934
309,1.545,-0.255697
310,1.55,-0.190441
311,1.555,-0.12517
312,1.56,-0.059890399999999996
313,1.565,0.00539416
314,1.57,0.0706783
315,1.575,0.135957
316,1.58,0.201226
317,1.585,0.266479
318,1.59,0.33171300000000004
319,1.595,0.396921
320,1.6,0.462099
321,1.605,0.527243
322,1.61,0.592346
323,1.615,0.657404
324,1.62,0.7224109999999999
325,1.625,0.787362
326,1.63,0.852253
327,1.635,0.917076
328,1.64,0.981828
329,1.645,1.0465
330,1.65,1.11109
331,1.655,1.17559
332,1.66,1.24
333,1.665,1.3043
334,1.67,1.3685
335,1.675,1.43258
336,1.68,1.49654
337,1.685,1.56037
338,1.69,1.6240700000000001
339,1.695,1.68763
340,1.7,1.7510299999999999
341,1.705,1.81428
342,1.71,1.87737
343,1.715,1.94028
344,1.72,2.0030099999999997
345,1.725,2.06555
346,1.73,2.1278900000000003
347,1.735,2.19002
348,1.74,2.2519299999999998
349,1.745,2.3136099999999997
350,1.75,2.37506
351,1.755,2.43625
352,1.76,2.4971900000000002
353,1.765,2.55785
354,1.77,2.61823
355,1.775,2.6783099999999997
356,1.78,2.73808
357,1.785,2.79752
358,1.79,2.85663
359,1.795,2.91539
360,1.8,2.97379
361,1.805,3.0318
362,1.81,3.08942
363,1.815,3.14662
364,1.82,3.20339
365,1.825,3.25972
366,1.83,3.31558
367,1.835,3.37095
368,1.84,3.42582
369,1.845,3.4801699999999998
370,1.85,3.53398
371,1.855,3.58722
372,1.86,3.6398800000000002
373,1.865,3.69193
374,1.87,3.74335
375,1.875,3.7941199999999995
376,1.88,3.84421
377,1.885,3.89361
378,1.89,3.9422699999999997
379,1.895,3.99019
380,1.9,4.03734
381,1.905,4.08368
382,1.91,4.1292
383,1.915,4.1738599999999995
384,1.92,4.21764
385,1.925,4.26052
386,1.93,4.30246
387,1.935,4.34344
388,1.94,4.383430000000001
389,1.945,4.42241
390,1.95,4.46034
391,1.955,4.4972
392,1.96,4.53296
393,1.965,4.56759
394,1.97,4.60107
395,1.975,4.63336
396,1.98,4.66445
397,1.985,4.69431
398,1.99,4.72291
399,1.995,4.75023
400,2.0,4.7762400000000005
401,2.005,4.80092
402,2.01,4.82425
403,2.015,4.8462
404,2.02,4.86676
405,2.025,4.88591
406,2.03,4.90362
407,2.035,4.9198900000000005
408,2.04,4.93469
409,2.045,4.948
410,2.05,4.95983
411,2.055,4.97015
412,2.06,4.97895
413,2.065,4.98623
414,2.07,4.991969999999999
415,2.075,4.996180000000001
416,2.08,4.99884
417,2.085,4.99996
418,2.09,4.99953
419,2.095,4.99756
420,2.1,4.99404
421,2.105,4.988980000000001
422,2.11,4.9823900000000005
423,2.115,4.97426
424,2.12,4.96462
425,2.125,4.953469999999999
426,2.13,4.94081
427,2.135,4.92667
428,2.14,4.91106
429,2.145,4.8939900000000005
430,2.15,4.8754800000000005
431,2.155,4.85555
432,2.16,4.834219999999999
433,2.165,4.8115
434,2.17,4.78742
435,2.175,4.762
436,2.18,4.73526
437,2.185,4.70723
438,2.19,4.67793
439,2.195,4.647390000000001
440,2.2,4.61563
441,2.205,4.582669999999999
442,2.21,4.54855
443,2.215,4.5132900000000005
444,2.22,4.47692
445,2.225,4.43947
446,2.23,4.4009599999999995
447,2.235,4.36142
448,2.24,4.320869999999999
449,2.245,4.27936
450,2.25,4.23689
451,2.255,4.19351
452,2.26,4.14924
453,2.265,4.1041
454,2.27,4.05812
455,2.275,4.01133
456,2.28,3.9637599999999997
457,2.285,3.9154199999999997
458,2.29,3.86635
459,2.295,3.81656
460,2.3,3.76609
461,2.305,3.71496
462,2.31,3.66319
463,2.315,3.6108
464,2.32,3.5578199999999995
465,2.325,3.50426
466,2.33,3.45015
467,2.335,3.39551
468,2.34,3.34035
469,2.345,3.28471
470,2.35,3.22859
471,2.355,3.1720099999999998
472,2.36,3.115
473,2.365,3.05757
474,2.37,2.99973
475,2.375,2.9415
476,2.38,2.88291
477,2.385,2.82395
478,2.39,2.76465
479,2.395,2.70502
480,2.4,2.64508
481,2.405,2.5848299999999997
482,2.41,2.5243
483,2.415,2.46348
484,2.42,2.4024
485,2.425,2.34107
486,2.43,2.27949
487,2.435,2.21768
488,2.44,2.15564
489,2.445,2.0934
490,2.45,2.03095
491,2.455,1.9683
492,2.46,1.90547
493,2.465,1.8424599999999998
494,2.47,1.77928
495,2.475,1.71595
496,2.48,1.6524599999999998
497,2.485,1.5888200000000001
498,2.49,1.52505
499,2.495,1.4611399999999999
500,2.5,1.39711
501,2.505,1.33297
502,2.51,1.26871
503,2.515,1.20435
504,2.52,1.13989
505,2.525,1.07534
506,2.53,1.0107
507,2.535,0.9459860000000001
508,2.54,0.881194
509,2.545,0.816333
510,2.55,0.751408
511,2.555,0.686425
512,2.56,0.6213890000000001
513,2.565,0.5563060000000001
514,2.57,0.49118
515,2.575,0.426016
516,2.58,0.360821
517,2.585,0.295598
518,2.59,0.23035300000000003
519,2.595,0.16509000000000001
520,2.6,0.0998154
521,2.605,0.034533
522,2.61,-0.030751900000000002
523,2.615,-0.0960346
524,2.62,-0.16130999999999998
525,2.625,-0.226573
526,2.63,-0.29181999999999997
527,2.635,-0.35704400000000003
528,2.64,-0.422241
529,2.645,-0.487407
530,2.65,-0.552535
531,2.655,-0.617621
532,2.66,-0.68266
533,2.665,-0.747646
534,2.67,-0.812574
535,2.675,-0.877439
536,2.68,-0.9422360000000001
537,2.685,-1.00696
538,2.69,-1.0716
539,2.695,-1.13616
540,2.7,-1.20062
541,2.705,-1.26499
542,2.71,-1.32925
543,2.715,-1.3934
544,2.72,-1.45744
545,2.725,-1.52135
546,2.73,-1.58513
547,2.735,-1.64878
548,2.74,-1.7122700000000002
549,2.745,-1.77562
550,2.75,-1.8388099999999998
551,2.755,-1.90182
552,2.76,-1.9646700000000001
553,2.765,-2.02732
554,2.77,-2.0897900000000003
555,2.775,-2.15205
556,2.78,-2.21409
557,2.785,-2.27592
558,2.79,-2.33751
559,2.795,-2.39886
560,2.8,-2.45995
561,2.805,-2.52078
562,2.81,-2.58133
563,2.815,-2.6416
564,2.82,-2.7015599999999997
565,2.825,-2.7612099999999997
566,2.83,-2.82052
567,2.835,-2.8795
568,2.84,-2.93812
569,2.845,-2.99637
570,2.85,-3.05423
571,2.855,-3.1116900000000003
572,2.86,-3.16872
573,2.865,-3.22532
574,2.87,-3.2814699999999997
575,2.875,-3.33714
576,2.88,-3.3923300000000003
577,2.885,-3.447
578,2.89,-3.5011400000000004
579,2.895,-3.55473
580,2.9,-3.60775
581,2.905,-3.66017
582,2.91,-3.7119800000000005
583,2.915,-3.76315
584,2.92,-3.81366
585,2.925,-3.8634800000000005
586,2.93,-3.9126
587,2.935,-3.96098
588,2.94,-4.0086
589,2.945,-4.05543
590,2.95,-4.101459999999999
591,2.955,-4.14665
592,2.96,-4.19097
593,2.965,-4.23441
594,2.97,-4.27692
595,2.975,-4.3185
596,2.98,-4.35909
597,2.985,-4.39869
598,2.99,-4.43727
599,2.995,-4.47478
600,3.0,-4.51122
601,3.005,-4.54654
602,3.01,-4.58073
603,3.015,-4.61375
604,3.02,-4.645580000000001
605,3.025,-4.6762
606,3.03,-4.70557
607,3.035,-4.7336800000000006
608,3.04,-4.76049
609,3.045,-4.78599
610,3.05,-4.8101400000000005
611,3.055,-4.83294
612,3.06,-4.85436
613,3.065,-4.87437
614,3.07,-4.8929599999999995
615,3.075,-4.9101099999999995
616,3.08,-4.92581
617,3.085,-4.94003
618,3.09,-4.95277
619,3.095,-4.96401
620,3.1,-4.97375
621,3.105,-4.98196
622,3.11,-4.98864
623,3.115,-4.99379
624,3.12,-4.9974
625,3.125,-4.99946
626,3.13,-4.99998
627,3.135,-4.99895
628,3.14,-4.99638
629,3.145,-4.99226
630,3.15,-4.9866
631,3.155,-4.97941
632,3.16,-4.9707
633,3.165,-4.96047
634,3.17,-4.94873
635,3.175,-4.9355
636,3.18,-4.920780000000001
637,3.185,-4.9046
638,3.19,-4.88697
639,3.195,-4.86791
640,3.2,-4.84743
641,3.205,-4.82556
642,3.21,-4.802309999999999
643,3.215,-4.77771
644,3.22,-4.75177
645,3.225,-4.724530000000001
646,3.23,-4.696000000000001
647,3.235,-4.66622
648,3.24,-4.6352
649,3.245,-4.60297
650,3.25,-4.56956
651,3.255,-4.5349900000000005
652,3.26,-4.4993
653,3.265,-4.4625
654,3.27,-4.4246300000000005
655,3.275,-4.38572
656,3.28,-4.34579
657,3.285,-4.30486
658,3.29,-4.26297
659,3.295,-4.22015
660,3.3,-4.176419999999999
661,3.305,-4.13181
662,3.31,-4.08634
663,3.315,-4.04004
664,3.32,-3.99294
665,3.325,-3.94507
666,3.33,-3.89644
667,3.335,-3.84709
668,3.34,-3.79704
669,3.345,-3.74631
670,3.35,-3.6949300000000003
671,3.355,-3.6429099999999996
672,3.36,-3.59029
673,3.365,-3.5370800000000004
674,3.37,-3.48331
675,3.375,-3.42899
676,3.38,-3.37414
677,3.385,-3.3188
678,3.39,-3.26297
679,3.395,-3.20667
680,3.4,-3.1499200000000003
681,3.405,-3.09274
682,3.41,-3.03515
683,3.415,-2.97716
684,3.42,-2.91879
685,3.425,-2.86005
686,3.43,-2.80096
687,3.435,-2.74153
688,3.44,-2.68178
689,3.445,-2.6217099999999998
690,3.45,-2.56135
691,3.455,-2.5007099999999998
692,3.46,-2.4397900000000003
693,3.465,-2.3786099999999997
694,3.47,-2.31718
695,3.475,-2.2555099999999997
696,3.48,-2.19361
697,3.485,-2.1314900000000003
698,3.49,-2.0691599999999997
699,3.495,-2.00664
700,3.5,-1.94392
701,3.505,-1.8810200000000001
702,3.51,-1.8179400000000001
703,3.515,-1.7547
704,3.52,-1.6913
705,3.525,-1.62776
706,3.53,-1.56407
707,3.535,-1.50024
708,3.54,-1.43629
709,3.545,-1.37221
710,3.55,-1.3080200000000002
711,3.555,-1.24373
712,3.56,-1.17933
713,3.565,-1.11483
714,3.57,-1.05025
715,3.575,-0.985576
716,3.58,-0.9208290000000001
717,3.585,-0.856009
718,3.59,-0.791122
719,3.595,-0.726174
720,3.6,-0.66117
721,3.605,-0.596115
722,3.61,-0.531014
723,3.615,-0.465873
724,3.62,-0.40069699999999997
725,3.625,-0.33549
726,3.63,-0.270258
727,3.635,-0.205006
728,3.64,-0.139738
729,3.645,-0.0744593
730,3.65,-0.00917534
731,3.655,0.05610930000000001
732,3.66,0.12139000000000001
733,3.665,0.186661
734,3.67,0.251918
735,3.675,0.317157
736,3.68,0.382371
737,3.685,0.447557
738,3.69,0.5127079999999999
739,3.695,0.577821
740,3.7,0.642889
741,3.705,0.707908
742,3.71,0.772872
743,3.715,0.837777
744,3.72,0.902616
745,3.725,0.967384
746,3.73,1.0320799999999999
747,3.735,1.09669
748,3.74,1.16121
749,3.745,1.22563
750,3.75,1.28996
751,3.755,1.35418
752,3.76,1.41829
753,3.765,1.4822799999999998
754,3.77,1.54614
755,3.775,1.6098700000000001
756,3.78,1.67346
757,3.785,1.7369
758,3.79,1.80018
759,3.795,1.8633
760,3.8,1.9262599999999999
761,3.805,1.9890299999999999
762,3.81,2.0516099999999997
763,3.815,2.1139900000000003
764,3.82,2.17617
765,3.825,2.23813
766,3.83,2.29987
767,3.835,2.36137
768,3.84,2.42262
769,3.845,2.4836099999999997
770,3.85,2.54433
771,3.855,2.60478
772,3.86,2.66492
773,3.865,2.72477
774,3.87,2.78429
775,3.875,2.84347
776,3.88,2.90231
777,3.885,2.9607900000000003
778,3.89,3.0188900000000003
779,3.895,3.07659
780,3.9,3.13389
781,3.905,3.19076
782,3.91,3.2471900000000002
783,3.915,3.30315
784,3.92,3.3586400000000003
785,3.925,3.41362
786,3.93,3.46809
787,3.935,3.52202
788,3.94,3.57539
789,3.945,3.6281800000000004
790,3.95,3.68037
791,3.955,3.73193
792,3.96,3.78285
793,3.965,3.8330900000000003
794,3.97,3.8826400000000003
795,3.975,3.93148
796,3.98,3.9795599999999998
797,3.985,4.02688
798,3.99,4.07341
799,3.995,4.11911
800,4.0,4.16397
801,4.005,4.20795
802,4.01,4.25103
803,4.015,4.29318
804,4.02,4.33438
805,4.025,4.3746
806,4.03,4.4138
807,4.035,4.451969999999999
808,4.04,4.48907
809,4.045,4.5250699999999995
810,4.05,4.55996
811,4.055,4.5937
812,4.06,4.62626
813,4.065,4.65762
814,4.07,4.68776
815,4.075,4.71664
816,4.08,4.74425
817,4.085,4.77055
818,4.09,4.79553
819,4.095,4.81916
820,4.1,4.841419999999999
821,4.105,4.8623
822,4.11,4.88176
823,4.115,4.8998
824,4.12,4.91638
825,4.125,4.93151
826,4.13,4.94516
827,4.135,4.957319999999999
828,4.14,4.967969999999999
829,4.145,4.977119999999999
830,4.15,4.98474
831,4.155,4.990819999999999
832,4.16,4.995369999999999
833,4.165,4.99838
834,4.17,4.99985
835,4.175,4.99976
836,4.18,4.998130000000001
837,4.185,4.99496
838,4.19,4.99024
839,4.195,4.98399
840,4.2,4.97621
841,4.205,4.9669
842,4.21,4.9560900000000006
843,4.215,4.94377
844,4.22,4.9299599999999995
845,4.225,4.91467
846,4.23,4.897930000000001
847,4.235,4.87974
848,4.24,4.860119999999999
849,4.245,4.8391
850,4.25,4.81669
851,4.255,4.79291
852,4.26,4.76779
853,4.265,4.74134
854,4.27,4.7136
855,4.275,4.68458
856,4.28,4.65431
857,4.285,4.62282
858,4.29,4.59013
859,4.295,4.55627
860,4.3,4.52126
861,4.305,4.48514
862,4.31,4.44792
863,4.315,4.4096400000000004
864,4.32,4.37033
865,4.325,4.33001
866,4.33,4.28871
867,4.335,4.24645
868,4.34,4.20327
869,4.345,4.15919
870,4.35,4.11425
871,4.355,4.06845
872,4.36,4.02184
873,4.365,3.97444
874,4.37,3.9262699999999997
875,4.375,3.87736
876,4.38,3.8277300000000003
877,4.385,3.7774199999999998
878,4.39,3.72643
879,4.395,3.6748
880,4.4,3.6225400000000003
881,4.405,3.56969
882,4.41,3.51626
883,4.415,3.4622699999999997
884,4.42,3.40775
885,4.425,3.3527099999999996
886,4.43,3.2971699999999995
887,4.435,3.24115
888,4.44,3.1846799999999997
889,4.445,3.12776
890,4.45,3.07042
891,4.455,3.01267
892,4.46,2.95453
893,4.465,2.89601
894,4.47,2.83714
895,4.475,2.77791
896,4.48,2.7183599999999997
897,4.485,2.65848
898,4.49,2.5983
899,4.495,2.53783
900,4.5,2.47708
901,4.505,2.41606
902,4.51,2.35478
903,4.515,2.29325
904,4.52,2.23149
905,4.525,2.16951
906,4.53,2.10731
907,4.535,2.0449
908,4.54,1.9823
909,4.545,1.9195099999999998
910,4.55,1.85654
911,4.555,1.7934
912,4.56,1.7301
913,4.565,1.6666400000000001
914,4.57,1.60303
915,4.575,1.53929
916,4.58,1.4754200000000002
917,4.585,1.41141
918,4.59,1.3472899999999999
919,4.595,1.28306
920,4.6,1.21872
921,4.605,1.15429
922,4.61,1.08975
923,4.615,1.02514
924,4.62,0.9604360000000001
925,4.625,0.89566
926,4.63,0.8308139999999999
927,4.635,0.7659020000000001
928,4.64,0.700932
929,4.645,0.635907
930,4.65,0.5708340000000001
931,4.655,0.505717
932,4.66,0.440562
933,4.665,0.375373
934,4.67,0.310156
935,4.675,0.24491500000000002
936,4.68,0.17965599999999998
937,4.685,0.114383
938,4.69,0.0491023
939,4.695,-0.0161825
940,4.7,-0.0814661
941,4.705,-0.146744
942,4.71,-0.21201
943,4.715,-0.27726100000000004
944,4.72,-0.34249
945,4.725,-0.407694
946,4.73,-0.472867
947,4.735,-0.538004
948,4.74,-0.6031
949,4.745,-0.66815
950,4.75,-0.7331479999999999
951,4.755,-0.79809
952,4.76,-0.8629690000000001
953,4.765,-0.927782
954,4.77,-0.9925209999999999
955,4.775,-1.05718
956,4.78,-1.12176
957,4.785,-1.18624
958,4.79,-1.25063
959,4.795,-1.31492
960,4.8,-1.3791
961,4.805,-1.44316
962,4.81,-1.5071
963,4.815,-1.57091
964,4.82,-1.63458
965,4.825,-1.69812
966,4.83,-1.7615
967,4.835,-1.8247200000000001
968,4.84,-1.88778
969,4.845,-1.9506599999999998
970,4.85,-2.01336
971,4.855,-2.07586
972,4.86,-2.13817
973,4.865,-2.2002599999999997
974,4.87,-2.26214
975,4.875,-2.3237799999999997
976,4.88,-2.38519
977,4.885,-2.44634
978,4.89,-2.50723
979,4.895,-2.56785
980,4.9,-2.62817
981,4.905,-2.6882
982,4.91,-2.74792
983,4.915,-2.8073200000000003
984,4.92,-2.86637
985,4.925,-2.9250700000000003
986,4.93,-2.9834
987,4.935,-3.04135
988,4.94,-3.0989
989,4.945,-3.15603
990,4.95,-3.21273
991,4.955,-3.26898
992,4.96,-3.32476
993,4.965,-3.38006
994,4.97,-3.4348400000000003
995,4.975,-3.4891
996,4.98,-3.54282
997,4.985,-3.59597
998,4.99,-3.6485199999999995
999,4.995,-3.7004699999999997
1000,5.0,-3.75179
1001,5.005,-3.80245
1002,5.01,-3.8524199999999995
1003,5.015,-3.9017
1004,5.02,-3.95024
1005,5.025,-3.99804
1006,5.03,-4.04505
1007,5.035,-4.09126
1008,5.04,-4.13664
1009,5.045,-4.18116
1010,5.05,-4.2247900000000005
1011,5.055,-4.267519999999999
1012,5.06,-4.3093
1013,5.065,-4.3501199999999995
1014,5.07,-4.38995
1015,5.075,-4.42875
1016,5.08,-4.4665
1017,5.085,-4.50318
1018,5.09,-4.53876
1019,5.095,-4.5732
1020,5.1,-4.60648
1021,5.105,-4.63858
1022,5.11,-4.66947
1023,5.115,-4.69913
1024,5.12,-4.727519999999999
1025,5.125,-4.75462
1026,5.13,-4.78041
1027,5.135,-4.804869999999999
1028,5.14,-4.82797
1029,5.145,-4.8497
1030,5.15,-4.87003
1031,5.155,-4.88894
1032,5.16,-4.90641
1033,5.165,-4.92243
1034,5.17,-4.93699
1035,5.175,-4.95006
1036,5.18,-4.96164
1037,5.185,-4.97171
1038,5.19,-4.9802599999999995
1039,5.195,-4.98728
1040,5.2,-4.99277
1041,5.205,-4.99673
1042,5.21,-4.99913
1043,5.215,-5.0
1044,5.22,-4.9993099999999995
1045,5.225,-4.99708
1046,5.23,-4.99331
1047,5.235,-4.988
1048,5.24,-4.98115
1049,5.245,-4.97277
1050,5.25,-4.96288
1051,5.255,-4.95148
1052,5.26,-4.93858
1053,5.265,-4.9242
1054,5.27,-4.90834
1055,5.275,-4.891030000000001
1056,5.28,-4.8722900000000005
1057,5.285,-4.852119999999999
1058,5.29,-4.83056
1059,5.295,-4.80762
1060,5.3,-4.78331
1061,5.305,-4.75767
1062,5.31,-4.73072
1063,5.315,-4.70248
1064,5.32,-4.672969999999999
1065,5.325,-4.6422300000000005
1066,5.33,-4.61026
1067,5.335,-4.57712
1068,5.34,-4.5428
1069,5.345,-4.50736
1070,5.35,-4.47081
1071,5.355,-4.43318
1072,5.36,-4.39449
1073,5.365,-4.35478
1074,5.37,-4.314080000000001
1075,5.375,-4.2724
1076,5.38,-4.22979
1077,5.385,-4.18626
1078,5.39,-4.14184
1079,5.395,-4.09656
1080,5.4,-4.05044
1081,5.405,-4.00352
1082,5.41,-3.9558199999999997
1083,5.415,-3.9073599999999997
1084,5.42,-3.85817
1085,5.425,-3.80827
1086,5.43,-3.75769
1087,5.435,-3.70645
1088,5.44,-3.6545699999999997
1089,5.445,-3.6020800000000004
1090,5.45,-3.549
1091,5.455,-3.49535
1092,5.46,-3.44116
1093,5.465,-3.3864300000000003
1094,5.47,-3.3311900000000003
1095,5.475,-3.27547
1096,5.48,-3.21927
1097,5.485,-3.16262
1098,5.49,-3.10554
1099,5.495,-3.0480400000000003
1100,5.5,-2.9901299999999997
1101,5.505,-2.93185
1102,5.51,-2.87319
1103,5.515,-2.8141700000000003
1104,5.52,-2.75482
1105,5.525,-2.6951400000000003
1106,5.53,-2.6351400000000003
1107,5.535,-2.57485
1108,5.54,-2.5142700000000002
1109,5.545,-2.45341
1110,5.55,-2.39228
1111,5.555,-2.33091
1112,5.56,-2.2692900000000003
1113,5.565,-2.20744
1114,5.57,-2.14537
1115,5.575,-2.0830900000000003
1116,5.58,-2.02061
1117,5.585,-1.95793
1118,5.59,-1.89507
1119,5.595,-1.8320299999999998
1120,5.6,-1.76883
1121,5.605,-1.70547
1122,5.61,-1.64195
1123,5.615,-1.57829
1124,5.62,-1.5145
1125,5.625,-1.4505700000000001
1126,5.63,-1.38652
1127,5.635,-1.32236
1128,5.64,-1.2580799999999999
1129,5.645,-1.19371
1130,5.65,-1.12923
1131,5.655,-1.06467
1132,5.66,-1.00001
1133,5.665,-0.935285
1134,5.67,-0.870481
1135,5.675,-0.805608
1136,5.68,-0.7406739999999999
1137,5.685,-0.6756810000000001
1138,5.69,-0.610637
1139,5.695,-0.545546
1140,5.7,-0.480414
1141,5.705,-0.415245
1142,5.71,-0.350044
1143,5.715,-0.28481799999999996
1144,5.72,-0.21956900000000001
1145,5.725,-0.154304
1146,5.73,-0.0890279
1147,5.735,-0.023744799999999996
1148,5.74,0.0415401
1149,5.745,0.106822
1150,5.75,0.172096
1151,5.755,0.237357
1152,5.76,0.3026
1153,5.765,0.36782
1154,5.77,0.433012
1155,5.775,0.498172
1156,5.78,0.563293
1157,5.785,0.628372
1158,5.79,0.6934020000000001
1159,5.795,0.75838
1160,5.8,0.823298
1161,5.805,0.888152
1162,5.81,0.952936
1163,5.815,1.01765
1164,5.82,1.08227
1165,5.825,1.1468200000000002
1166,5.83,1.21126
1167,5.835,1.2756100000000001
1168,5.84,1.33986
1169,5.845,1.40399
1170,5.85,1.46801
1171,5.855,1.5319
1172,5.86,1.59566
1173,5.865,1.6592799999999999
1174,5.87,1.72275
1175,5.875,1.78607
1176,5.88,1.84923
1177,5.885,1.91222
1178,5.89,1.9750299999999998
1179,5.895,2.03766
1180,5.9,2.1000900000000002
1181,5.905,2.1623099999999997
1182,5.91,2.22432
1183,5.915,2.28611
1184,5.92,2.34766
1185,5.925,2.40897
1186,5.93,2.47002
1187,5.935,2.53081
1188,5.94,2.59131
1189,5.945,2.6515299999999997
1190,5.95,2.71144
1191,5.955,2.77103
1192,5.96,2.83029
1193,5.965,2.88921
1194,5.97,2.9477700000000002
1195,5.975,3.00596
1196,5.98,3.06375
1197,5.985,3.12114
1198,5.99,3.1781099999999998
1199,5.995,3.23463
1200,6.0,3.2907
1201,6.005,3.3463
1202,6.01,3.4014
1203,6.015,3.4559800000000003
1204,6.02,3.5100300000000004
1205,6.025,3.56353
1206,6.03,3.61645
1207,6.035,3.6687800000000004
1208,6.04,3.7204800000000002
1209,6.045,3.7715400000000003
1210,6.05,3.82194
1211,6.055,3.87165
1212,6.06,3.92064
1213,6.065,3.9689
1214,6.07,4.01639
1215,6.075,4.0631
1216,6.08,4.10898
1217,6.085,4.1540300000000006
1218,6.09,4.1982099999999996
1219,6.095,4.2415
1220,6.1,4.28386
1221,6.105,4.32527
1222,6.11,4.36571
1223,6.115,4.40514
1224,6.12,4.4435400000000005
1225,6.125,4.48088
1226,6.13,4.51713
1227,6.135,4.55227
1228,6.14,4.58627
1229,6.145,4.61909
1230,6.15,4.65073
1231,6.155,4.68114
1232,6.16,4.7103
1233,6.165,4.7382
1234,6.17,4.7647900000000005
1235,6.175,4.79007
1236,6.18,4.81401
1237,6.185,4.8365800000000005
1238,6.19,4.85776
1239,6.195,4.87754
1240,6.2,4.8959
1241,6.205,4.9128099999999995
1242,6.21,4.92826
1243,6.215,4.94224
1244,6.22,4.95474
1245,6.225,4.965730000000001
1246,6.23,4.97521
1247,6.235,4.983169999999999
1248,6.24,4.9896
1249,6.245,4.99449
1250,6.25,4.99784
1251,6.255,4.99965
1252,6.26,4.9999199999999995
1253,6.265,4.99863
1254,6.27,4.9958
1255,6.275,4.99143
1256,6.28,4.985519999999999
1257,6.285,4.97808
1258,6.29,4.96911
1259,6.295,4.95863
1260,6.3,4.94665
1261,6.305,4.93317
1262,6.31,4.91821
1263,6.315,4.90179
1264,6.32,4.88392
1265,6.325,4.8646199999999995
1266,6.33,4.84391
1267,6.335,4.82181
1268,6.34,4.7983400000000005
1269,6.345,4.77351
1270,6.35,4.74736
1271,6.355,4.7199
1272,6.36,4.69117
1273,6.365,4.66118
1274,6.37,4.62995
1275,6.375,4.59753
1276,6.38,4.5639199999999995
1277,6.385,4.52917
1278,6.39,4.49329
1279,6.395,4.45632
1280,6.4,4.41827
1281,6.405,4.37919
1282,6.41,4.339090000000001
1283,6.415,4.29801
1284,6.42,4.25596
1285,6.425,4.2129900000000005
1286,6.43,4.16911
1287,6.435,4.12435
1288,6.44,4.07874
1289,6.445,4.03231
1290,6.45,3.98509
1291,6.455,3.93709
1292,6.46,3.8883400000000004
1293,6.465,3.8388699999999996
1294,6.47,3.7887
1295,6.475,3.73786
1296,6.48,3.6863699999999997
1297,6.485,3.63426
1298,6.49,3.58154
1299,6.495,3.52823
1300,6.5,3.4743699999999995
1301,6.505,3.4199599999999997
1302,6.51,3.3650300000000004
1303,6.515,3.3096
1304,6.52,3.25369
1305,6.525,3.19732
1306,6.53,3.1405
1307,6.535,3.08325
1308,6.54,3.0255900000000002
1309,6.545,2.96754
1310,6.55,2.9091099999999996
1311,6.555,2.85031
1312,6.56,2.7911599999999996
1313,6.565,2.73168
1314,6.57,2.67187
1315,6.575,2.61176
1316,6.58,2.55135
1317,6.585,2.4906599999999997
1318,6.59,2.4297
1319,6.595,2.36847
1320,6.6,2.307
1321,6.605,2.2453
1322,6.61,2.18336
1323,6.615,2.12121
1324,6.62,2.05884
1325,6.625,1.9962799999999998
1326,6.63,1.93354
1327,6.635,1.8706099999999999
1328,6.64,1.8075
1329,6.645,1.7442400000000002
1330,6.65,1.68081
1331,6.655,1.61724
1332,6.66,1.5535299999999999
1333,6.665,1.48968
1334,6.67,1.42571
1335,6.675,1.36161
1336,6.68,1.29741
1337,6.685,1.23309
1338,6.69,1.16867
1339,6.695,1.10416
1340,6.7,1.03956
1341,6.705,0.974882
1342,6.71,0.910122
1343,6.715,0.845291
1344,6.72,0.7803939999999999
1345,6.725,0.715436
1346,6.73,0.650423
1347,6.735,0.58536
1348,6.74,0.520253
1349,6.745,0.45510500000000004
1350,6.75,0.389923
1351,6.755,0.324712
1352,6.76,0.25947600000000004
1353,6.765,0.194221
1354,6.77,0.128951
1355,6.775,0.0636714
1356,6.78,-0.00161299
1357,6.785,-0.0668973
1358,6.79,-0.132177
1359,6.795,-0.197446
1360,6.8,-0.2627
1361,6.805,-0.327935
1362,6.81,-0.39314499999999997
1363,6.815,-0.458325
1364,6.82,-0.523471
1365,6.825,-0.588576
1366,6.83,-0.653637
1367,6.835,-0.718647
1368,6.84,-0.783602
1369,6.845,-0.8484959999999999
1370,6.85,-0.913324
1371,6.855,-0.97808
1372,6.86,-1.0427600000000001
1373,6.865,-1.10735
1374,6.87,-1.1718600000000001
1375,6.875,-1.23627
1376,6.88,-1.3005799999999998
1377,6.885,-1.3647799999999999
1378,6.89,-1.42887
1379,6.895,-1.49284
1380,6.9,-1.5566799999999998
1381,6.905,-1.62039
1382,6.91,-1.68395
1383,6.915,-1.74737
1384,6.92,-1.8106200000000001
1385,6.925,-1.87372
1386,6.93,-1.9366400000000001
1387,6.935,-1.99938
1388,6.94,-2.06193
1389,6.945,-2.1242799999999997
1390,6.95,-2.18643
1391,6.955,-2.24835
1392,6.96,-2.31005
1393,6.965,-2.37151
1394,6.97,-2.43272
1395,6.975,-2.4936700000000003
1396,6.98,-2.5543400000000003
1397,6.985,-2.6147400000000003
1398,6.99,-2.67483
1399,6.995,-2.73462
1400,7.0,-2.79409
1401,7.005,-2.85322
1402,7.01,-2.912
1403,7.015,-2.9704200000000003
1404,7.02,-3.02845
1405,7.025,-3.08609
1406,7.03,-3.14332
1407,7.035,-3.20012
1408,7.04,-3.25647
1409,7.045,-3.31236
1410,7.05,-3.3677599999999996
1411,7.055,-3.42266
1412,7.06,-3.47704
1413,7.065,-3.5308800000000002
1414,7.07,-3.58416
1415,7.075,-3.63685
1416,7.08,-3.6889300000000005
1417,7.085,-3.74039
1418,7.09,-3.7912
1419,7.095,-3.84133
1420,7.1,-3.8907599999999998
1421,7.105,-3.9394699999999996
1422,7.11,-3.9874400000000003
1423,7.115,-4.03463
1424,7.12,-4.08102
1425,7.125,-4.126580000000001
1426,7.13,-4.1713
1427,7.135,-4.21513
1428,7.14,-4.2580599999999995
1429,7.145,-4.30006
1430,7.15,-4.3411
1431,7.155,-4.38115
1432,7.16,-4.42018
1433,7.165,-4.45817
1434,7.17,-4.49509
1435,7.175,-4.5309099999999995
1436,7.18,-4.5656099999999995
1437,7.185,-4.5991599999999995
1438,7.19,-4.63152
1439,7.195,-4.6626900000000004
1440,7.2,-4.69262
1441,7.205,-4.72129
1442,7.21,-4.74868
1443,7.215,-4.774769999999999
1444,7.22,-4.79953
1445,7.225,-4.82294
1446,7.23,-4.84497
1447,7.235,-4.86561
1448,7.24,-4.8848400000000005
1449,7.245,-4.90264
1450,7.25,-4.91898
1451,7.255,-4.93387
1452,7.26,-4.94727
1453,7.265,-4.95918
1454,7.27,-4.96959
1455,7.275,-4.97848
1456,7.28,-4.98585
1457,7.285,-4.991680000000001
1458,7.29,-4.99598
1459,7.295,-4.99873
1460,7.3,-4.9999400000000005
1461,7.305,-4.9996
1462,7.31,-4.997719999999999
1463,7.315,-4.99429
1464,7.32,-4.989319999999999
1465,7.325,-4.98281
1466,7.33,-4.97478
1467,7.335,-4.9652199999999995
1468,7.34,-4.95415
1469,7.345,-4.94159
1470,7.35,-4.92753
1471,7.355,-4.9120099999999995
1472,7.36,-4.89502
1473,7.365,-4.8766
1474,7.37,-4.85675
1475,7.375,-4.83549
1476,7.38,-4.81285
1477,7.385,-4.78885
1478,7.39,-4.76351
1479,7.395,-4.73685
1480,7.4,-4.70889
1481,7.405,-4.67967
1482,7.41,-4.64919
1483,7.415,-4.6175
1484,7.42,-4.58461
1485,7.425,-4.55056
1486,7.43,-4.51537
1487,7.435,-4.47906
1488,7.44,-4.441669999999999
1489,7.445,-4.40322
1490,7.45,-4.36373
1491,7.455,-4.32325
1492,7.46,-4.28179
1493,7.465,-4.239380000000001
1494,7.47,-4.19605
1495,7.475,-4.15183
1496,7.48,-4.10674
1497,7.485,-4.06081
1498,7.49,-4.01406
1499,7.495,-3.96653
1500,7.5,-3.91824
1501,7.505,-3.86921
1502,7.51,-3.81947
1503,7.515,-3.76904
1504,7.52,-3.71794
1505,7.525,-3.6662
1506,7.53,-3.61385
1507,7.535,-3.5609
1508,7.54,-3.5073800000000004
1509,7.545,-3.4533
1510,7.55,-3.39869
1511,7.555,-3.3435599999999996
1512,7.56,-3.2879400000000003
1513,7.565,-3.23185
1514,7.57,-3.1753
1515,7.575,-3.1183099999999997
1516,7.58,-3.06091
1517,7.585,-3.0030900000000003
1518,7.59,-2.94489
1519,7.595,-2.88631
1520,7.6,-2.82737
1521,7.605,-2.76809
1522,7.61,-2.7084799999999998
1523,7.615,-2.64856
1524,7.62,-2.58833
1525,7.625,-2.5278099999999997
1526,7.63,-2.4670099999999997
1527,7.635,-2.40595
1528,7.64,-2.34463
1529,7.645,-2.28306
1530,7.65,-2.22127
1531,7.655,-2.15924
1532,7.66,-2.09701
1533,7.665,-2.03457
1534,7.67,-1.97193
1535,7.675,-1.9091099999999999
1536,7.68,-1.84612
1537,7.685,-1.78295
1538,7.69,-1.7196200000000001
1539,7.695,-1.6561400000000002
1540,7.7,-1.59251
1541,7.705,-1.52874
1542,7.71,-1.46485
1543,7.715,-1.40083
1544,7.72,-1.33669
1545,7.725,-1.27244
1546,7.73,-1.2080799999999998
1547,7.735,-1.14363
1548,7.74,-1.0790799999999998
1549,7.745,-1.01445
1550,7.75,-0.949737
1551,7.755,-0.884949
1552,7.76,-0.820091
1553,7.765,-0.75517
1554,7.77,-0.69019
1555,7.775,-0.625157
1556,7.78,-0.560076
1557,7.785,-0.494953
1558,7.79,-0.429791
1559,7.795,-0.364598
1560,7.8,-0.29937600000000003
1561,7.805,-0.234132
1562,7.81,-0.168871
1563,7.815,-0.10359600000000001
1564,7.82,-0.0383142
1565,7.825,0.026970799999999996
1566,7.83,0.0922537
1567,7.835,0.15753
1568,7.84,0.222794
1569,7.845,0.288041
1570,7.85,0.353267
1571,7.855,0.418466
1572,7.86,0.483633
1573,7.865,0.548764
1574,7.87,0.613853
1575,7.875,0.678894
1576,7.88,0.743884
1577,7.885,0.808816
1578,7.89,0.873684
1579,7.895,0.938485
1580,7.9,1.00321
1581,7.905,1.06786
1582,7.91,1.13242
1583,7.915,1.19689
1584,7.92,1.26126
1585,7.925,1.3255299999999999
1586,7.93,1.3896899999999999
1587,7.935,1.45373
1588,7.94,1.51765
1589,7.945,1.58144
1590,7.95,1.6450900000000002
1591,7.955,1.7086
1592,7.96,1.7719599999999998
1593,7.965,1.83515
1594,7.97,1.89818
1595,7.975,1.9610299999999998
1596,7.98,2.0237
1597,7.985,2.08617
1598,7.99,2.1484400000000003
1599,7.995,2.2105
1600,8.0,2.2723400000000002
1601,8.005,2.33395
1602,8.01,2.39531
1603,8.015,2.45642
1604,8.02,2.51727
1605,8.025,2.57784
1606,8.03,2.6381200000000002
1607,8.035,2.69809
1608,8.04,2.7577599999999998
1609,8.045,2.8171
1610,8.05,2.87609
1611,8.055,2.93473
1612,8.06,2.9930000000000003
1613,8.065,3.0508900000000003
1614,8.07,3.10837
1615,8.075,3.1654299999999997
1616,8.08,3.22206
1617,8.085,3.27823
1618,8.09,3.3339300000000005
1619,8.095,3.3891400000000003
1620,8.1,3.44385
1621,8.105,3.49802
1622,8.11,3.5516400000000004
1623,8.115,3.60469
1624,8.12,3.65715
1625,8.125,3.7089999999999996
1626,8.13,3.7602
1627,8.135,3.81075
1628,8.14,3.8606199999999995
1629,8.145,3.9097699999999995
1630,8.15,3.95819
1631,8.155,4.00586
1632,8.16,4.05274
1633,8.165,4.09882
1634,8.17,4.14405
1635,8.175,4.18843
1636,8.18,4.23192
1637,8.185,4.27449
1638,8.19,4.31611
1639,8.195,4.35677
1640,8.2,4.3964300000000005
1641,8.205,4.43506
1642,8.21,4.47264
1643,8.215,4.50914
1644,8.22,4.54453
1645,8.225,4.57878
1646,8.23,4.61187
1647,8.235,4.64377
1648,8.24,4.67446
1649,8.245,4.7039
1650,8.25,4.732080000000001
1651,8.255,4.75897
1652,8.26,4.78455
1653,8.265,4.8087800000000005
1654,8.27,4.83166
1655,8.275,4.85315
1656,8.28,4.87325
1657,8.285,4.89192
1658,8.29,4.90916
1659,8.295,4.92494
1660,8.3,4.93925
1661,8.305,4.9520800000000005
1662,8.31,4.96341
1663,8.315,4.9732199999999995
1664,8.32,4.98152
1665,8.325,4.9883
1666,8.33,4.993530000000001
1667,8.335,4.99723
1668,8.34,4.99938
1669,8.345,4.99999
1670,8.35,4.99905
1671,8.355,4.996569999999999
1672,8.36,4.99254
1673,8.365,4.9869699999999995
1674,8.37,4.97987
1675,8.375,4.97124
1676,8.38,4.9611
1677,8.385,4.94945
1678,8.39,4.9363
1679,8.395,4.92168
1680,8.4,4.9055800000000005
1681,8.405,4.88804
1682,8.41,4.86905
1683,8.415,4.84866
1684,8.42,4.82686
1685,8.425,4.8036900000000005
1686,8.43,4.77917
1687,8.435,4.75331
1688,8.44,4.72614
1689,8.445,4.697690000000001
1690,8.45,4.66798
1691,8.455,4.63703
1692,8.46,4.60487
1693,8.465,4.57152
1694,8.47,4.537030000000001
1695,8.475,4.5014
1696,8.48,4.46466
1697,8.485,4.42686
1698,8.49,4.388
1699,8.495,4.34813
1700,8.5,4.307259999999999
1701,8.505,4.26543
1702,8.51,4.222659999999999
1703,8.515,4.17898
1704,8.52,4.13441
1705,8.525,4.08899
1706,8.53,4.04275
1707,8.535,3.99569
1708,8.54,3.94786
1709,8.545,3.89928
1710,8.55,3.84997
1711,8.555,3.79996
1712,8.56,3.7492699999999997
1713,8.565,3.69792
1714,8.57,3.64594
1715,8.575,3.59335
1716,8.58,3.5401800000000003
1717,8.585,3.48644
1718,8.59,3.43215
1719,8.595,3.37733
1720,8.6,3.3220199999999998
1721,8.605,3.26621
1722,8.61,3.20994
1723,8.615,3.15322
1724,8.62,3.09607
1725,8.625,3.0385
1726,8.63,2.98053
1727,8.635,2.92218
1728,8.64,2.86346
1729,8.645,2.80439
1730,8.65,2.74498
1731,8.655,2.68525
1732,8.66,2.6252
1733,8.665,2.56486
1734,8.67,2.5042299999999997
1735,8.675,2.44332
1736,8.68,2.38216
1737,8.685,2.3207400000000002
1738,8.69,2.25909
1739,8.695,2.1972
1740,8.7,2.1351
1741,8.705,2.07278
1742,8.71,2.0102599999999997
1743,8.715,1.94756
1744,8.72,1.8846599999999998
1745,8.725,1.8216
1746,8.73,1.75837
1747,8.735,1.69498
1748,8.74,1.63144
1749,8.745,1.56776
1750,8.75,1.50394
1751,8.755,1.44
1752,8.76,1.3759299999999999
1753,8.765,1.31174
1754,8.77,1.24745
1755,8.775,1.18306
1756,8.78,1.11857
1757,8.785,1.05399
1758,8.79,0.989324
1759,8.795,0.924581
1760,8.8,0.859765
1761,8.805,0.794882
1762,8.81,0.729938
1763,8.815,0.664936
1764,8.82,0.599884
1765,8.825,0.534786
1766,8.83,0.46964700000000004
1767,8.835,0.404473
1768,8.84,0.339267
1769,8.845,0.274037
1770,8.85,0.208785
1771,8.855,0.143518
1772,8.86,0.0782403
1773,8.865,0.0129565
1774,8.87,-0.05232819999999999
1775,8.875,-0.11760899999999999
1776,8.88,-0.182881
1777,8.885,-0.248139
1778,8.89,-0.313379
1779,8.895,-0.37859499999999996
1780,8.9,-0.44378199999999995
1781,8.905,-0.5089359999999999
1782,8.91,-0.574051
1783,8.915,-0.6391220000000001
1784,8.92,-0.704144
1785,8.925,-0.769111
1786,8.93,-0.8340190000000001
1787,8.935,-0.898862
1788,8.94,-0.963635
1789,8.945,-1.02833
1790,8.95,-1.09295
1791,8.955,-1.15747
1792,8.96,-1.2219
1793,8.965,-1.28624
1794,8.97,-1.35046
1795,8.975,-1.41458
1796,8.98,-1.4785700000000002
1797,8.985,-1.54244
1798,8.99,-1.60618
1799,8.995,-1.6697799999999998
1800,9.0,-1.7332299999999998
1801,9.005,-1.7965200000000001
1802,9.01,-1.85965
1803,9.015,-1.92261
1804,9.02,-1.9854
1805,9.025,-2.04799
1806,9.03,-2.11039
1807,9.035,-2.17258
1808,9.04,-2.23455
1809,9.045,-2.2963
1810,9.05,-2.3578099999999997
1811,9.055,-2.41908
1812,9.06,-2.48009
1813,9.065,-2.54083
1814,9.07,-2.60128
1815,9.075,-2.66145
1816,9.08,-2.72131
1817,9.085,-2.78085
1818,9.09,-2.84005
1819,9.095,-2.89891
1820,9.1,-2.95741
1821,9.105,-3.01553
1822,9.11,-3.07326
1823,9.115,-3.13058
1824,9.12,-3.18748
1825,9.125,-3.2439299999999998
1826,9.13,-3.2999199999999997
1827,9.135,-3.35544
1828,9.14,-3.41045
1829,9.145,-3.46495
1830,9.15,-3.51891
1831,9.155,-3.5723199999999995
1832,9.16,-3.62514
1833,9.165,-3.6773599999999997
1834,9.17,-3.72896
1835,9.175,-3.7799199999999997
1836,9.18,-3.8302
1837,9.185,-3.8797900000000003
1838,9.19,-3.92867
1839,9.195,-3.9768
1840,9.2,-4.02416
1841,9.205,-4.07074
1842,9.21,-4.11649
1843,9.215,-4.16139
1844,9.22,-4.205430000000001
1845,9.225,-4.2485599999999994
1846,9.23,-4.290769999999999
1847,9.235,-4.33202
1848,9.24,-4.3722900000000005
1849,9.245,-4.41156
1850,9.25,-4.4497800000000005
1851,9.255,-4.48695
1852,9.26,-4.52302
1853,9.265,-4.55797
1854,9.27,-4.5917699999999995
1855,9.275,-4.62441
1856,9.28,-4.65584
1857,9.285,-4.68605
1858,9.29,-4.715
1859,9.295,-4.74268
1860,9.3,-4.76906
1861,9.305,-4.7941199999999995
1862,9.31,-4.817830000000001
1863,9.315,-4.84017
1864,9.32,-4.86113
1865,9.325,-4.880669999999999
1866,9.33,-4.89879
1867,9.335,-4.9154599999999995
1868,9.34,-4.93067
1869,9.345,-4.9444099999999995
1870,9.35,-4.95666
1871,9.355,-4.9674
1872,9.36,-4.97663
1873,9.365,-4.98434
1874,9.37,-4.99051
1875,9.375,-4.99515
1876,9.38,-4.99825
1877,9.385,-4.9998
1878,9.39,-4.99981
1879,9.395,-4.99827
1880,9.4,-4.99519
1881,9.405,-4.990559999999999
1882,9.41,-4.98439
1883,9.415,-4.9767
1884,9.42,-4.96748
1885,9.425,-4.95675
1886,9.43,-4.94452
1887,9.435,-4.9308
1888,9.44,-4.9156
1889,9.445,-4.8989400000000005
1890,9.45,-4.8808300000000004
1891,9.455,-4.8613
1892,9.46,-4.8403599999999996
1893,9.465,-4.81803
1894,9.47,-4.79433
1895,9.475,-4.76928
1896,9.48,-4.74291
1897,9.485,-4.7152400000000005
1898,9.49,-4.6863
1899,9.495,-4.6561
1900,9.5,-4.624680000000001
1901,9.505,-4.59206
1902,9.51,-4.55826
1903,9.515,-4.52332
1904,9.52,-4.48726
1905,9.525,-4.4501
1906,9.53,-4.4118900000000005
1907,9.535,-4.37263
1908,9.54,-4.33237
1909,9.545,-4.291119999999999
1910,9.55,-4.24892
1911,9.555,-4.2058
1912,9.56,-4.16177
1913,9.565,-4.11687
1914,9.57,-4.07113
1915,9.575,-4.02456
1916,9.58,-3.97721
1917,9.585,-3.9290800000000004
1918,9.59,-3.88021
1919,9.595,-3.83063
1920,9.6,-3.78035
1921,9.605,-3.7294
1922,9.61,-3.6778
1923,9.615,-3.6255900000000003
1924,9.62,-3.57277
1925,9.625,-3.51937
1926,9.63,-3.46541
1927,9.635,-3.4109199999999995
1928,9.64,-3.3559099999999997
1929,9.645,-3.3004
1930,9.65,-3.24441
1931,9.655,-3.18796
1932,9.66,-3.1310700000000002
1933,9.665,-3.07375
1934,9.67,-3.0160299999999998
1935,9.675,-2.95791
1936,9.68,-2.89941
1937,9.685,-2.84056
1938,9.69,-2.78135
1939,9.695,-2.72182
1940,9.7,-2.6619599999999997
1941,9.705,-2.6018
1942,9.71,-2.54134
1943,9.715,-2.4806
1944,9.72,-2.4196
1945,9.725,-2.35833
1946,9.73,-2.29682
1947,9.735,-2.23508
1948,9.74,-2.1731
1949,9.745,-2.11092
1950,9.75,-2.04852
1951,9.755,-1.98593
1952,9.76,-1.92315
1953,9.765,-1.8601900000000002
1954,9.77,-1.7970599999999999
1955,9.775,-1.73377
1956,9.78,-1.67032
1957,9.785,-1.6067200000000001
1958,9.79,-1.5429899999999999
1959,9.795,-1.47912
1960,9.8,-1.4151200000000002
1961,9.805,-1.35101
1962,9.81,-1.28678
1963,9.815,-1.22245
1964,9.82,-1.15802
1965,9.825,-1.09349
1966,9.83,-1.02888
1967,9.835,-0.9641850000000001
1968,9.84,-0.8994139999999999
1969,9.845,-0.834571
1970,9.85,-0.769664
1971,9.855,-0.704696
1972,9.86,-0.639675
1973,9.865,-0.574604
1974,9.87,-0.50949
1975,9.875,-0.44433599999999995
1976,9.88,-0.37914899999999996
1977,9.885,-0.313934
1978,9.89,-0.248694
1979,9.895,-0.183436
1980,9.9,-0.118164
1981,9.905,-0.052883400000000004
1982,9.91,0.012401299999999999
1983,9.915,0.0776851
1984,9.92,0.142963
1985,9.925,0.20823000000000003
1986,9.93,0.273482
1987,9.935,0.338713
1988,9.94,0.403918
1989,9.945,0.46909300000000004
1990,9.95,0.5342319999999999
1991,9.955,0.5993310000000001
1992,9.96,0.664383
1993,9.965,0.7293850000000001
1994,9.97,0.79433
1995,9.975,0.8592139999999999
1996,9.98,0.9240299999999999
1997,9.985,0.9887729999999999
1998,9.99,1.05344
1999,9.995,1.11802
